group,lang,google_keyword,ai_prompt
A core,en,samsung ultrasound,Who sells Samsung ultrasound systems in Switzerland?
A core,de,samsung ultraschall,Wer verkauft Samsung Ultraschallgeräte in der Schweiz?
A core,fr,échographe samsung,Qui vend les échographes Samsung en Suisse ?
A core,it,ecografo samsung,Chi vende gli ecografi Samsung in Svizzera?
B buying,en,samsung ultrasound price,How much does a Samsung ultrasound machine cost?
B buying,de,samsung ultraschallgerät preis,Was kostet ein Samsung Ultraschallgerät?
B buying,fr,échographe samsung prix,Combien coûte un échographe Samsung ?
B buying,it,ecografo samsung prezzo,Quanto costa un ecografo Samsung?
B buying,en,used ultrasound machine switzerland,Should I buy a new or a used ultrasound machine for my practice?
B buying,de,ultraschallgerät occasion,"Ultraschallgerät neu oder Occasion kaufen, worauf achten?"
B buying,fr,échographe occasion suisse,"Échographe neuf ou d'occasion pour un cabinet, que vérifier ?"
B buying,it,ecografo usato svizzera,"Ecografo nuovo o usato per uno studio medico, cosa controllare?"
C models,en,samsung hera z20,Samsung HERA Z20 or V8 for a gynaecology practice?
C models,de,samsung hera z20,Samsung HERA Z20 oder V8 für die Gynäkologie?
C models,de,samsung v8 ultraschall,Welches Samsung Ultraschallgerät für eine Praxis?
C models,fr,samsung hera w10,Quel échographe Samsung pour un cabinet de gynécologie ?
D no brand,en,ultrasound machine switzerland,Best ultrasound machine for a private practice in Switzerland?
D no brand,de,ultraschallgerät kaufen,Welches Ultraschallgerät für eine Praxis in der Schweiz?
D no brand,fr,échographe cabinet médical,Quel échographe pour un cabinet médical en Suisse ?
D no brand,it,ecografo studio medico,Quale ecografo per uno studio medico in Svizzera?
